{
  // Use IntelliSense para saber los atributos posibles.
  // Mantenga el puntero para ver las descripciones de los existentes atributos.
  // Para más información, visite: https://go.microsoft.com/fwlink/?linkid=830387
  "version": "0.2.0",
  "configurations": [
    {
      "type": "node",
      "request": "launch",
      "name": "Iniciar el programa",
      "skipFiles": ["<node_internals>/**"],
      "program": "${workspaceFolder}/dist/electron/main.js",
      "outFiles": ["${workspaceFolder}/*/.js"],
      "runtimeExecutable": "${workspaceFolder}/node_modules/.bin/electron",
      "windows": {
        "runtimeExecutable": "${workspaceFolder}/node_modules/.bin/electron.cmd"
      },
      "args": ["."],
      "sourceMaps": true,
      "preLaunchTask": "npm: build",
      "internalConsoleOptions": "openOnSessionStart"
    },
    {
      "name": "Debug Main Process",
      "type": "node",
      "request": "launch",
      "cwd": "${workspaceRoot}",
      "runtimeExecutable": "${workspaceRoot}/node_modules/.bin/electron",
      "windows": {
        "runtimeExecutable": "${workspaceRoot}/node_modules/.bin/electron.cmd"
      },
      "program": "${workspaceRoot}/dist/electron/main.js",
      "env": {
        "npm_lifecycle_event": "start" // Ajusta según el script simulado
      }
    },
    {
      "name": "Debug Renderer Process",
      "type": "chrome",
      "request": "launch",
      "runtimeExecutable": "${workspaceRoot}/node_modules/.bin/electron",
      "windows": {
        "runtimeExecutable": "${workspaceRoot}/node_modules/.bin/electron.cmd"
      },
      "runtimeArgs": [
        "${workspaceRoot}/main.js",
        "--remote-debugging-port=9222"
      ],
      "webRoot": "${workspaceRoot}"
    }
  ]
}